{
  "stop": "1.0",
  "speedPIDKd": "0.0",
  "speedRawDebug": "1.0",
  "angleSensorSampling": "5",
  "anglePIDSetpointDebug": "1.0",
  "speedMovingAvarageFilter2Debug": "1",
  "outputLowerLimit": "-1",
  "speedKalmanFilterDebug": "1.0",
  "speedPIDInputDebug": "1.0",
  "anglePIDOutputDebug": "1.0",
  "motorSpeedSensorSampling": "5",
  "speedPIDSampling": "15",
  "anglePIDInputDebug": "1.0",
  "anglePIDLowerLimit": "4",
  "anglePIDAggKd": "0",
  "toggle": "1.0",
  "anglePIDAggKi": "0",
  "calibrate": "1.0",
  "anglePIDAggKp": "40",
  "speedPIDOutputHigherLimit": "10",
  "outputHigherLimit": "1",
  "turnLeft": "1.0",
  "speedPIDOutputLowerLimit": "-10",
  "speedPIDOutputDebug": "1.0",
  "anglePIDConKd": "0.0",
  "debugSampleRate": "30",
  "moveForwards": "1.0",
  "anglePIDConKp": "15",
  "speedKalmanFilterR": "50",
  "moveBackwards": "1.0",
  "calibratedZeroAngle": "-11.35",
  "anglePIDSampling": "5",
  "anglePIDConKi": "0.05",
  "speedPIDKp": "0.5",
  "angleRawDebug": "1.0",
  "start": "1.0",
  "debugLevel": "1.0",
  "speedPIDKi": "0.1",
  "angleKalmanFilterR": "20",
  "turnRight": "1.0"
}